id;surname;other_names;maiden_name;changed_name;gender;marital_status;date_of_birth;id_number;birth_entry_number;democraphic_details_id;user_id
1;Customer;Human S) online;payment;false;MALE;SINGLE;2021-04-03;Rubber mindshare visionary;Steel invoice Bacon;1;1
2;JBOD eyeballs;Plastic bandwidth;leading-edge;false;MALE;NEVER_MARRIED;2021-04-03;Rican;transform Chad services;2;2
3;Interactions violet Research;Books Architect mobile;Pound Borders Wyoming;true;MALE;SINGLE;2021-04-03;Metal;Rustic Interface;3;2
4;back-end fault-tolerant;synthesize Auto Uzbekistan;capacitor Developer bandwidth;false;FEMALE;DIVORCED;2021-04-03;Euro cross-platform Arabia;services;4;1
5;EXE;Handmade;Money Republic;true;FEMALE;SINGLE;2021-04-03;indigo open-source;holistic copy;5;1
6;Towels Island;transform Automotive;IB;true;FEMALE;SINGLE;2021-04-03;Vista convergence;indexing SQL Sleek;6;2
7;Web Cambridgeshire Dynamic;Tuna Rustic;projection;false;FEMALE;SINGLE;2021-04-03;monitor Garden Multi-channelled;deposit out-of-the-box action-items;7;1
8;Principal Baby;Jewelery transmit Pizza;Human;false;FEMALE;DIVORCED;2021-04-03;Plastic Toys Granite;fresh-thinking indexing;8;2
9;Applications;Bacon;blockchains quantify Accountability;true;FEMALE;NEVER_MARRIED;2021-04-03;payment Automotive;Frozen Ball Brand;9;1
10;Hill;1080p Manager Tasty;invoice;false;MALE;NEVER_MARRIED;2021-04-03;Connecticut;Games deploy;10;2
